<?xml version="1.0" encoding="UTF-8"?>
<launch4jConfig>
  <dontWrapJar>false</dontWrapJar>
  <headerType>console</headerType>
  <jar>C:\Users\lsy_0\OneDrive\바탕 화면\SR\SR.jar</jar>
  <outfile>C:\Users\lsy_0\Documents\Study\3-1\Software-Design\survival_report\SR.exe</outfile>
  <errTitle></errTitle>
  <cmdLine></cmdLine>
  <chdir>.</chdir>
  <priority>normal</priority>
  <downloadUrl></downloadUrl>
  <supportUrl></supportUrl>
  <stayAlive>false</stayAlive>
  <restartOnCrash>false</restartOnCrash>
  <manifest></manifest>
  <icon></icon>
  <jre>
    <path>C:\Program Files\Java\jdk-17\bin</path>
    <requiresJdk>true</requiresJdk>
    <requires64Bit>false</requires64Bit>
    <minVersion>17</minVersion>
    <maxVersion></maxVersion>
  </jre>
</launch4jConfig>